{
  "phi_hat": -0.3571089414519932,
  "ci95": [
    -0.362504682367924,
    -0.35168926168310644
  ]
}